-0.011301194317639001,0.18992803990841001,-0.19981586933136,-0.038940526545048003,0.028241232037544001,0.033219467848538999,0.037580579519272003,-0.17098636925220001,0.094330430030823004,0.10155444592237001,0.057863019406796001,-0.031248120591043999,0.029760045930742999,0.038410052657126999,0.0080033075064420995,0.098527193069457994,0.024562720209360001,0.053872451186179997,0.0079716993495822005,-0.035015195608139003,-0.019785374402999999,0.051492385566234998,0.058771848678588999,-0.0062733166851103002,-0.042168807238340003,-0.017959695309400999,0.021659400314093,-0.070835977792739993,0.18659430742263999,0.18419142067432001,0.072186864912510001,0.15555159747601,0.036961220204830003,-0.085574001073837003,0.066112577915191997,0.090121112763882003,0.0076797292567789997,0.098539300262927995,-0.0025940858758986001,0.072531014680861997,-0.14314325153828,0.019176250323652999,-0.069272972643374994,0.1213029846549,-0.036999613046646,0.13017925620078999,0.077254846692085002,0.096076145768166005,-0.022297980263828999,-0.064115829765796994,-0.015152922831476,0.16126249730587,-0.039901360869408001,-0.12887895107269001,-0.042977862060070003,0.091652482748032005,-0.016503814607859001,0.13818100094794999,-0.042346395552158002,0.092724934220313998,-0.16726489365100999,-0.10343296825886,0.22523346543312001,-0.14077614247799,0.13116933405399001,-0.13466404378413999,-0.021057108417153001,-0.019109273329377001,-0.10522518306971,0.15784822404384999,0.017397169023752001,0.052262626588344997,-0.084254413843155004,0.023523747920990001,-0.072739690542221,-0.067852936685085005,0.0092593347653747004,0.061470206826925,-0.11199708282948,-0.1186889782548,0.065090350806712993,0.066633120179175997,-0.18604011833667999,-0.027157966047525,-0.043197419494390002,-0.073102168738841997,-0.10955645143985999,-0.12163966149092,-0.014322763308883,0.033358942717314002,0.016494074836373,-0.023628657683730001,-0.10228251665830999,-0.063026696443558003,0.24173565208912001,0.021332900971174001,0.0030419335234909998,0.067045696079731001,0.098761335015297005,0.060239259153605,-0.014695065096021,-0.0044527403078972998,-0.029715031385421999,0.017970038577913999,-0.12896192073821999,0.031098056584597002,-0.015321105718613,-0.069585762917994995,0.18434882164001001,0.036484304815530999,-0.018404381349682999,0.056872271001339,-0.010492080822586999,-0.0052349227480589997,0.058013916015625,0.042307432740926999,0.083088710904120996,-0.090183585882187001,0.10051080584526,0.12410816550254999,0.065809443593024999,-0.043547362089157,0.043932251632214002,0.099101781845092995,-0.073906965553761,0.01449962798506,-0.020725509151816,-0.034088205546140997
0.041267849504948002,0.035512287169694998,-0.20453371107578,-0.11179435253143,0.054855365306138999,0.034209053963422997,-0.073725290596484999,-0.092826619744300995,0.095170758664608002,0.091739177703857006,0.084884747862815996,-0.0050253733061253998,0.069896206259727006,0.16344833374022999,0.045166056603192999,0.11541450768709,0.1050545796752,0.11548284441233,-0.0032158461399376002,-0.052317731082438999,-0.02305612526834,0.18766285479069,0.047559019178152001,-0.16204978525638999,-0.083248764276505002,0.040712956339120997,0.10976460576057,0.043595533818007001,0.039830479770898999,0.15261927247047,-0.024340590462089001,0.22360117733479001,0.15491642057895999,-0.0054846820421516999,0.051972579210997003,0.111941203475,0.096183992922306005,-0.0087150009348989001,0.081341318786144007,0.011346351355314,-0.12775827944279,0.0069841644726694003,0.0081067169085144997,0.025064960122108002,-0.037679214030503998,0.047295521944760999,-0.033461678773164999,0.086210757493973,0.0077588642016053,-0.04013080522418,0.015041396953166,0.093882068991661002,-0.042359121143817999,0.0093144206330179995,-0.1068025380373,0.054309736937283998,-0.0018926915945485,-0.060184787958860002,-0.10795361548662,0.12698034942149999,-0.1240825727582,-0.12442699819803001,0.10200724005699,-0.078670114278793002,0.027315989136696001,-0.057597626000642999,-0.073765933513640997,0.15277853608131001,-0.00043557098251767001,0.109714217484,0.036915026605128999,-0.092845022678374994,-0.079962797462939994,-0.14237216114998,-0.11394112557173,-0.0034436627756803998,0.037350952625274998,-0.081502750515937999,-0.16554515063763001,-0.18291249871254001,0.14988143742085,0.085721544921397996,-0.089678458869456995,0.010132643394172001,-0.033081274479627998,0.025041935965418999,-0.066236749291419997,-0.093541525304317003,0.020161693915725001,0.14217725396156,0.0041502425447105997,-0.081337451934813995,-0.16704270243645,0.1002097055316,0.14264579117298001,0.097104869782924999,-0.10936734825373,0.037717193365096997,0.015726128593086999,0.050302363932132999,0.082845732569695005,-0.022543206810951,-0.011377800256014,-0.023802781477570999,0.0080525372177362008,0.0092668887227773996,-0.057351000607014001,-0.13242754340172,0.037250496447086001,0.01887565664947,-0.078620769083500006,-0.070254020392894995,0.0068462705239654004,0.041640508919954002,0.044667813926935002,-0.065344095230102997,0.086702883243560999,-0.063462339341640001,0.082754231989384003,0.04594524204731,0.15040037035942,-0.087187357246875999,0.15487563610076999,0.055726096034050002,0.067065283656119995,-0.078825823962688002,0.083599060773849002,0.011381272226572
0.036127883940935003,0.090635523200034998,-0.030683340504766,-0.14322327077388999,0.088402830064297,0.057740017771720997,-0.038555782288313002,-0.13293714821339001,-0.070794977247714996,0.11702864617109,0.051230125129223002,-0.0054497327655554,0.098213165998459001,0.1307657212019,0.12530271708964999,0.089964315295219005,0.10889434814453,0.056998893618583998,-0.050040371716021999,0.0026999963447451999,-0.057842627167701999,0.15651923418045,-0.024616742506623001,-0.027498470619321001,-0.056579202413559002,0.066594138741493003,0.047842301428318003,0.10178964585066,0.088576011359691995,0.099336512386798997,-0.023165358230472,0.16366820037365001,0.027010196819901001,0.070607185363770003,0.076230287551879994,0.13950894773006001,0.065762288868426999,-0.019265746697782998,0.087059982120991003,-0.049220215529202999,-0.10079994797707,-0.062734156846999997,0.061965558677912001,-0.017967138439417,0.014377867802978001,0.18820998072624001,0.0075947344303130999,0.18998807668685999,-0.16344918310642001,-0.045736286789179001,0.0080916350707411992,0.043120108544827,-0.055825777351856003,-0.062000036239624003,-0.021402439102530001,0.042879145592450998,-0.15654669702053001,0.085434287786484001,-0.11317778378725001,0.11582220345736,-0.083241291344165996,-0.0010691065108403999,0.092195332050323001,-0.063477195799351002,0.068563520908356004,0.053439933806657999,-0.11832759529351999,0.15164679288864,-0.14303703606129001,0.084257468581200007,0.017724804580212,-0.064365588128567006,-0.094493642449378995,-0.1114529594779,-0.04727728664875,0.019534602761269001,0.075090199708939001,-0.017617957666515999,0.020146755501627998,-0.13077072799205999,0.17438423633575001,0.020313862711191,-0.095666415989398998,-0.040115162730217001,-0.089170314371585999,-0.087075091898440996,-0.059557653963566,-0.062877930700779003,0.0075273960828780998,0.26325312256812999,0.087182015180588004,-0.058661159127951001,-0.074610926210880002,0.18509621918201,0.038826484233141001,0.15286371111870001,-0.057059954851865997,-0.021621730178594999,0.053609874099492999,-0.022752286866306998,0.081934697926044006,0.037090923637152003,-0.11812710762023999,-0.031502697616815997,-0.045087013393640997,0.082245238125323999,-0.09352944791317,-0.092493578791618,0.075104422867298001,-0.022424418479204001,0.035213205963372997,0.026636959984899001,-0.020202051848172999,0.090045094490051006,0.072876907885075004,-0.041450772434473003,-0.039912845939397999,0.0030910684727131999,-0.0061422768048942002,0.10724837332964,0.11146289110184,-0.12033879756927,0.10012509673834,0.083799086511135004,0.026917930692433999,0.023308388888836001,0.050585743039845997,-0.16411891579627999
-0.01483931671828,0.045893024653196002,-0.18798872828484001,-0.12724034488201,0.094407267868518996,0.094012580811976998,-0.072752624750136996,-0.13390961289406,-0.0003015564288944,0.17546594142913999,0.068282470107078996,0.013394329696894001,0.11108460277319,0.14736683666705999,0.11231337487698,0.059801034629345003,0.10823083668947001,0.052463356405497,0.021409412845968999,0.019529506564140001,-0.12030934542417999,0.081482633948326,-0.033918157219887002,-0.038302183151244999,-0.026685709133744,0.066504061222076,0.069459408521652,0.077135689556598996,0.017386972904205,0.094344265758991006,0.039512529969214998,0.13028180599212999,0.049929037690162999,-0.0016053450526670001,0.038916897028684998,0.21171587705611999,0.046178992837667,-0.11160279810429,0.056260991841555003,-0.045773800462483999,-0.055334955453873,-0.061790309846400999,0.044746056199074,0.029060265049338001,-0.018703710287809001,0.076492324471473999,-0.0061193020083009997,0.22352735698223,-0.037711601704358999,-0.064248070120811004,-0.024182798340917001,-0.026934327557683001,-0.028547629714012,-0.10085138678551001,-0.035302978008985998,0.095935270190238994,-0.22414942085743,0.088840961456298995,-0.073361985385417994,0.10933040082455001,-0.13840492069721,-0.0026472071185707998,0.14501239359379001,-0.10516142845154,0.050693958997726003,0.089158318936825007,-0.086893483996391005,0.15729376673698001,-0.093053892254829004,0.0076580485329031996,0.034857612103224002,-0.010461100377141999,-0.070295624434947995,-0.1631655395031,-0.048602882772684,0.042236819863319001,0.066406659781932997,-0.023389840498566999,-0.017445251345633999,-0.14188843965530001,0.15218752622604001,0.013585260137916,-0.088720627129077995,-0.010471984744072,-0.11058369278907999,-0.016892697662115,-0.038181565701962003,-0.044543642550707002,0.070962652564049003,0.179259583354,0.031467963010073,-0.056302238255738997,-0.031485777348280002,0.15776696801185999,0.052000265568494998,0.10138788819312999,-0.093152232468127996,-0.069154381752013994,0.026752492412924999,-0.014620038680732,0.073469184339046006,-0.013790319673716999,-0.076845616102219003,-0.13520410656928999,-0.068120360374451003,0.13753171265125,-0.093036398291587996,-0.16030289232730999,-0.026016756892204,0.077876813709735995,0.028255838900804998,-0.014208666048944,0.056359604001044998,0.063992910087109001,0.0050960215739905999,-0.075304463505745003,-0.029371848329902001,0.040854077786206998,0.0072274976409972,0.072239823639393005,0.11348310112953,-0.19204322993754999,0.092217490077019001,0.074832111597061005,-0.016655407845974,0.045834824442862999,-0.028801009058951998,-0.088814668357372006
0.0014430938754231,0.10167125612496999,-0.1112125441432,-0.091797508299351002,0.088839150965213998,0.081225976347923001,-0.062771856784821001,-0.20262061059475001,0.0060912799090147001,0.095841161906719,0.060664866119622997,0.023523231968284,0.068399481475353005,0.10914449393749,0.068575955927372007,0.087763451039790996,0.068319097161293002,0.073592782020569,-0.037384640425444003,-0.015966767445207,-0.058248657733202001,0.12369956076145,-0.068165451288223003,0.0051370006985962001,-0.0067751910537480996,0.071363292634486999,0.053035013377666002,0.072892464697361006,0.063593603670596993,0.14643758535385001,0.036557156592606999,0.18222960829734999,0.0099923424422741006,0.035145964473486002,0.068882532417774006,0.17811508476734,0.026384958997369,-0.10165490210056,0.073765106499195002,-0.047769613564013998,-0.063280373811721996,-0.066279664635658,0.084646560251712993,0.054947335273026997,0.035839516669512003,0.10987410694360999,0.039663948118687002,0.19667200744152,-0.10362631082535,-0.075126633048058,0.0077967271208763001,0.013334643095732001,-0.018346451222896999,-0.1078694164753,-0.0060438569635152999,0.093526512384415006,-0.22168835997580999,0.12977060675620999,-0.080902740359306002,0.092319779098034002,-0.12090900540352,-0.0085679348558186999,0.16151955723763001,-0.069770343601704005,0.054262090474367003,0.057588525116444002,-0.091329880058764995,0.088705331087111997,-0.13326129317284,0.089358098804951006,0.0092431595548987007,-0.028618464246392,-0.068648956716060999,-0.11958350241184,-0.065860196948050995,-0.0048211808316410004,0.064196147024632,-0.022491876035929,-0.053407665342093,-0.12487022578716001,0.19579283893107999,0.072050333023070998,-0.10663613677025,-0.050983373075724002,-0.11617027223110001,-0.058769702911377002,-0.060982648283242999,-0.080824278295040006,0.0046035316772759004,0.22953902184962999,0.074012413620949,-0.060049004852772002,-0.089278154075145999,0.13405996561049999,0.071438640356063995,0.16656349599361001,-0.089513488113880005,-0.036992270499468002,0.074580624699593007,-0.015443298965693001,0.064209192991257005,0.0039603207260370003,-0.088242642581462999,-0.065025016665458998,-0.076892741024494005,0.10756861418486,-0.097636796534061002,-0.11005789786577,0.015350386500359,0.037929851561785001,0.046963460743426999,0.019660655409098001,-0.017554339021444001,0.064623855054378995,0.049996789544821001,-0.060237724334001999,-0.016639828681945999,0.0090455273166299005,0.037529345601797,0.086552180349826993,0.14239741861819999,-0.12633416056633001,0.10564141720533,0.056282356381416002,-0.022433387115597999,0.044676963239908003,0.023684145882726,-0.12894275784491999
0.0072749438695610003,0.022947497665882,-0.14319907128810999,-0.11783996969461,0.1580685377121,0.0069172787480056,-0.011946956627070999,-0.070401273667812,-0.074543423950671997,0.062768772244453,0.022613948211074,-0.0056135556660592998,0.088435865938662997,0.24237029254435999,0.14856664836406999,0.14183966815471999,0.15644249320029999,-0.027488861232996001,0.076229549944400996,0.023873500525951,-0.041222196072339998,0.11125627160072001,0.037455059587955003,-0.18236468732357,0.00098327966406941002,0.081022471189498999,-0.0048539279960096004,0.093865029513836004,0.12801674008368999,0.089037649333477006,0.016450064256786998,0.18907536566256999,0.10827714949846,-0.019348185509442999,0.012836491689086,0.15441551804542999,0.1105313077569,-0.00017646883497946,0.099762439727782995,-0.051132030785084,-0.024568695574999001,0.075070999562740007,0.16328476369381001,-0.022747896611691,-0.068658381700515997,0.10062211006879999,0.048427898436785001,0.063448801636696001,-0.0084350835531949997,-0.091006778180599004,-0.12168570607901,-0.043788094073533998,-0.052863769233226998,-0.0041541871614754,-0.0032340921461582002,0.055985882878304,-0.11265090107917999,0.092192471027374004,-0.10632553696631999,0.12846581637859,-0.14923904836178001,-0.032266251742840001,0.087085410952567999,-0.11960664391518,0.10084222257137,0.16275456547736999,-0.10081756860018,0.1066558137536,-0.033908929675816997,-0.040289513766765997,0.040220893919468002,0.021652130410075,-0.037776231765747001,-0.057031691074370998,0.0066854530014098003,0.044583436101674999,0.084159895777701998,-0.067797780036926006,-0.053342577069998003,-0.20319737493991999,0.15285371243953999,0.052886087447405,-0.048622600734234002,0.030183924362062999,-0.024497769773005999,-0.015195778571068999,-0.054827980697154999,-7.2509079473093003e-05,0.016573457047343001,0.10252778232098,0.10114970803261,-0.024474749341607,-0.14281927049160001,0.091988250613213002,0.16287222504616,0.065467365086079005,-0.049418825656176002,0.10170500725508,-0.021833255887031999,0.045987173914909002,-0.080986373126507,-0.070000588893890006,0.031981032341719,-0.059236358851194,-0.16623821854591,0.15820899605750999,-0.040624689310788997,-0.073313936591148002,0.10839441418648001,-0.029653843492270002,-0.031455636024475001,-0.067794688045979004,-0.013425341807306,0.071552507579327004,0.064712442457676003,-0.078515619039535994,0.075519956648349998,-0.022017957642673999,-0.0030347178690135002,0.070386245846748005,0.094104342162609003,-0.066704578697680997,0.13143751025200001,0.084658674895762995,-0.060086242854594997,0.0011203772155567999,0.034248106181622003,-0.022483075037598999
0.036251664161681997,0.10035126656293999,-0.12776963412761999,-0.12119743973017,0.13012711703777,0.057045813649893001,-0.072126276791095997,-0.15100660920143,-0.030669342726468998,0.065862849354743999,0.064123824238776994,-0.014811868779361,0.10709188133478,0.18869286775589,0.13210397958754999,0.15606401860714,0.15336649119854001,0.029608905315399,0.0069688260555266996,0.0019763009622693001,0.0016181839164345999,0.14241470396518999,0.096617333590983998,-0.02337134629488,0.018430385738610999,0.026488695293665002,0.096692234277724998,0.056659914553164999,0.12885548174381001,0.15065710246562999,0.060357112437487002,0.15045435726643,0.10932991653681,0.041203584522009,0.037702936679124999,0.14782516658306,0.090519569814205003,0.022477280348538999,0.076487265527247994,-0.011768040247262,-0.099541932344437006,0.0061195902526378996,0.10468287020922,0.046211410313845,-0.059397991746663999,0.11561526358128001,0.055930458009242998,0.13449268043040999,-0.052224043756723001,-0.028629757463931999,0.0068143373355268998,0.021505018696189,-0.051646210253238997,-0.060006745159626,-0.018341412767768,0.068814575672150005,-0.084941036999226005,0.12391103059053001,-0.071819514036179005,0.094003312289714994,-0.17614534497261,-0.076535359025001998,0.11969611048698001,-0.13575139641761999,0.10474577546119999,0.017509259283543001,-0.12173844873905,0.12548483908176,-0.12002954632043999,0.10188816487789,0.012157405726611999,0.0033758184872568001,-0.12335557490587,-0.13447771966457001,-0.014123300090432001,0.0035396988969296,0.079517967998981004,0.0022426387295127002,-0.072050891816616003,-0.095261864364147006,0.16017788648605,0.024693984538317001,-0.059935767203569003,0.00091500580310821999,-0.070180267095566004,-0.066548421978951,-0.076526120305060993,-0.069953553378582001,-0.021423721686005998,0.16328638792038,0.049630142748355997,-0.07107301056385,-0.13934603333473,0.10500852018595,0.14559219777584001,0.089874975383281999,-0.097594633698462996,0.11388711631298,0.024786775931716,-0.0092368274927139005,0.0024206889793276999,-0.012779944576322999,-0.036486599594354997,0.029935700818895999,-0.10212049633265,0.074607461690903001,-0.097728423774241999,-0.083871223032475004,0.13977432250977001,-0.058314997702836997,-0.02502285502851,0.021963592618703998,-0.018752105534076999,0.11870132386684,0.065616980195044999,-0.019356796517968001,0.032885432243347001,-0.023966966196895,-0.0059726624749601,0.18433663249016,0.12581326067448001,-0.066132105886935993,0.069180957973002999,0.098358951508998996,-0.046170260757208002,0.0017731450498104,0.043761245906352997,-0.042599856853485003
0.039228718727827003,0.031802117824553999,-0.13961799442768,-0.13373491168022,0.10797746479511,0.063097551465033999,-0.092970758676529,-0.11027508229017,0.010257967747748,0.023353829979897,0.065662436187266998,-0.052487954497337001,0.12029705196619001,0.20562878251076,0.1467964053154,0.15383334457874001,0.11472995579243001,0.021818988025187998,-0.042051497846841999,-0.022115986794232999,-0.0035440551582723999,0.15591436624527,0.087504059076308996,-0.15344093739986001,-0.016935437917709,0.028368582949042001,0.050001710653304998,0.044460996985435,0.037578117102384997,0.089260824024676999,0.067852325737476002,0.18294633924961001,0.11058104038239,0.031590476632118003,0.051320545375346999,0.19361956417560999,0.079406492412089996,-0.0035456973128021002,0.070812501013279003,-0.026287220418453001,-0.085975661873817,0.015234886668621999,0.059518404304981003,0.038096752017735998,-0.035057380795479001,0.13356065750122001,-0.0015485916519538,0.12764687836169999,-0.064342156052589,-0.051874905824660998,-0.068572215735912004,-0.025826601311564001,-0.036666050553321998,-0.035228673368692003,-0.086531527340412001,0.045500304549932001,-0.10648151487111999,0.047424837946892,-0.073547676205635001,0.10684994608164,-0.15279208123683999,-0.043085537850857003,0.078284800052643003,-0.092698357999325007,0.071586400270461994,0.046328727155924003,-0.099882811307906993,0.21901015937328,-0.03081670589745,0.068654611706733995,0.062443986535072001,-0.039785776287316998,-0.077119916677475003,-0.20519927144051001,-0.057892356067896,0.021979883313178999,0.013356878422201001,-0.082176297903060996,-0.11335945874453,-0.10503759980202,0.18025778234004999,0.020501088351010999,-0.10278159379959,-0.024927668273449,-0.12082690000533999,0.027959696948527998,-0.050175737589598,-0.093152508139609999,-0.055226027965546001,0.16001781821250999,0.079394549131393002,-0.079893030226230996,-0.15619789063931,0.095741763710975994,0.094059854745864993,0.13546325266361001,-0.11984892189503001,0.063296027481555994,-0.011637311428785,0.027029056102037,0.0047422461211681002,-0.051921524107455999,-0.030415143817662998,-0.048151142895222002,-0.063518173992634,0.069992795586585999,-0.11153243482113,-0.064928464591503005,0.078706003725528995,-0.026956761255859999,-0.049439102411270003,-0.036098051816225003,-0.035864613950252998,0.068406797945499004,0.071180306375026994,-0.033354852348566,-0.011657396331428999,-0.015505843795836,0.020238548517226999,0.10904444009066,0.13011792302132,-0.073322385549544997,0.11151521652937001,0.13618238270283001,0.040267992764710998,-0.067722424864768996,0.055313367396592997,-0.028185579925776
1,2,3
1,2,3
0.0050898031331599002,0.097793579101562,-0.032749373465775999,-0.17866964638232999,0.068417042493819996,0.043179489672183997,-0.066919431090355003,-0.1095949858427,0.012480366975068999,0.092239812016486997,0.054922431707382001,-0.040009137243031997,0.10875279456377,0.13651207089424,0.13083809614181999,0.10324525833129999,0.091222621500491999,0.051178593188524003,-0.10026644915342001,-0.041425764560698998,-0.048531245440245001,0.16344715654850001,-0.023725051432848001,-0.067171998322009999,-0.050299134105444003,0.077836446464062001,0.057993728667498003,0.12517550587654,0.10983141511679,0.067985624074935996,0.034667219966650002,0.20050065219402,0.060921084135770999,0.076540946960448997,0.058728985488415,0.12090919166803001,0.10305782407522,0.028549388051032999,0.13027368485928001,-0.037561375647783002,-0.064423337578772999,-0.070108070969582006,0.063845738768578006,-0.033220678567885999,0.040635455399752003,0.10295465588570001,-0.032254166901111998,0.18937465548515001,-0.13055954873562001,-0.082327373325825001,-0.061309572309256002,0.033952549099922,-0.021509099751710999,-0.043382298201323,-0.089253149926662001,0.048059470951557,-0.13911701738834001,0.053106803447008001,-0.13634331524372001,0.059837844222784001,-0.12730583548546001,-0.021229641512036001,0.080554045736789995,-0.031568165868521,-0.0072840354405344001,0.13947065174580001,-0.093041971325873996,0.1772086173296,-0.10365287959576,0.026292596012354001,0.0024555746931583002,-0.11374086886644,-0.099886529147624997,-0.11076005548239,0.00032433052547275998,-0.014351557008921999,0.037900418043136999,-0.081269063055514998,-0.011112594045699,-0.12014777958393,0.18153864145279,0.058467194437980999,-0.060384262353181999,-0.036781366914510998,-0.071163475513458002,-0.044335007667541997,-0.042962606996298003,-0.041222747415303997,0.018556289374827999,0.22975620627403001,0.10363750904799,-0.080716602504252999,-0.073694467544555997,0.17939381301403001,0.049152534455061,0.14733575284480999,-0.11409679800272,0.0015893193194642999,0.020396154373884,-0.01697158627212,0.064058668911457006,-0.044710632413626002,-0.10936651378870001,0.014282275922596,-0.017567528411746001,0.072233319282532002,-0.097002960741519997,-0.087034337222576003,0.087587520480156,-0.056694362312555001,0.011650159955025,0.028884673491119998,-0.060137722641229997,0.11961552500725001,0.078935340046883004,-0.061900239437818999,-0.072310023009777,0.010906941257417001,0.041484761983156003,0.074348337948322005,0.1538074016571,-0.099503673613070998,0.1005297228694,0.083429254591464996,0.017222560942173001,-0.028072256594896001,0.026293732225895001,-0.13109643757343001
0.011848449707031,0.14104403555393,-0.16058608889580001,-0.11145197600126,0.10512202233076,0.029885202646255001,-0.025070125237106999,-0.13489723205566001,0.065975144505501002,0.067767135798930997,0.027297131717204999,-0.058441322296858,0.028283268213272001,0.14926418662071,0.079036399722098999,0.1189479008317,0.060478717088699001,0.082923866808414001,-0.063563309609889998,-0.074253767728806,-0.066829070448874997,0.13309931755066001,0.060876931995152997,-0.19185212254524001,0.0025987657718359999,-0.041279166936874001,0.035648554563521999,0.12513914704323001,0.10683330893517,0.11539018899202,0.019395567476749,0.22281019389629,0.090795539319515006,-0.0026291301473974999,0.046554695814848002,0.076364241540432004,0.054260876029730003,-0.012971319258213,0.082631513476372001,-0.022350482642651,-0.072661601006985002,-0.011525915935636,0.082163177430629994,0.0083378814160823995,-0.032615255564451003,0.10237367451191,-0.037445310503243998,0.12329494208097,-0.048794031143187998,-0.033804275095463,-0.055175844579934998,0.098655290901661002,-0.025170741602778001,-0.055633462965487997,-0.14051696658134,0.034305624663829998,-0.054901000112294998,0.021310303360223999,-0.1040635406971,0.099329762160778004,-0.15313115715980999,-0.023330179974436999,0.11232161521912,-0.065390408039093004,0.017799610272050001,0.11266917735338,-0.12021991610527,0.12682789564133001,-0.10501378029585,0.084884323179721999,0.042516674846411001,-0.035832230001687997,-0.042716324329375999,-0.065223135054110995,-0.057644456624984998,-0.0047123809345066998,0.059539977461099999,-0.16597193479538,-0.13431857526301999,-0.18830382823944,0.17028810083866,0.063022993505000999,-0.095080621540546001,0.0068819425068796002,-0.051635321229696003,0.014448775909841,-0.13030080497265001,-0.086245149374007998,0.014548938721418001,0.17076574265957001,0.077797189354897003,-0.077752031385899006,-0.16214908659457999,0.063128508627414995,0.17668555676937001,0.099446289241314004,-0.11729940772057,0.068371221423148998,0.013390743173659,0.031527716666460003,0.039342954754828997,-0.066816732287407005,0.0086808521300553998,-0.011865339241922001,-0.064019344747065998,0.067249849438667006,-0.048238553106785001,-0.045517761260271003,0.11113457381725,-0.0083034951239824,0.016449440270661999,-0.0089663006365298999,-0.0017651136731729,0.10345681011677001,0.048015154898167003,-0.090207263827323997,0.042458169162272998,0.063612073659897003,0.14567404985428001,0.082056291401385997,0.14116153120995001,-0.079088188707828994,0.11750872433186001,0.067570865154265997,0.030005998909472999,-0.068542376160622004,0.056519694626331003,-0.064351387321949005
-0.030387369915843,0.10373701155186001,-0.1203821003437,-0.14031389355658999,0.11784613877535,0.056987110525369998,-0.090715572237968001,-0.19945229589939001,0.053792547434568003,0.044481229037046002,0.048598513007164001,0.028912181034684001,0.084171459078788993,0.15603350102901001,0.045581102371216001,0.12814193964005,0.078310668468474995,0.077765658497810003,-0.052604004740714999,-0.031774703413248,0.0019613248296081998,0.16659677028656,-0.033274471759795997,-0.045142292976378999,-0.019970163702965001,0.081416383385658,0.057150151580572003,0.089657008647919006,0.093195788562298001,0.16837882995605,0.045089144259691002,0.17039123177528001,0.089469738304615007,0.023285383358597998,0.078397668898105996,0.1552582681179,0.095426484942435996,-0.052508283406495999,0.11741504073143,-0.027084756642580001,-0.056684698909520999,0.0027405221480875999,0.14448542892933,0.037891305983067003,0.021849697455764001,0.053708087652922003,0.051994904875754998,0.13842986524105,-0.054948598146439001,-0.077615372836589994,-0.045629035681485998,-0.035507131367922003,-0.015777662396431,-0.038372438400983998,-0.018107507377863,0.10328889638185999,-0.1536428630352,0.11324915289879001,-0.12937186658381999,0.065822139382362005,-0.136923417449,-0.029591206461191,0.15386430919169999,-0.065173804759978998,0.044596627354621998,0.065653532743453993,-0.10217107087374,0.10452868789434,-0.091987229883671001,0.042865894734859002,0.033330474048852997,-0.061308361589909002,-0.070502221584319999,-0.14563269913196999,-0.025962803512812001,0.034226197749375999,0.031679615378380002,-0.05509115755558,-0.086786784231663,-0.16701371967792999,0.20722259581089,0.14236102998257,-0.047445073723793002,0.031980082392693003,-0.096440345048904003,-0.010043635033070999,-0.049730136990547,-0.049215581268072003,-0.0075491620227694997,0.19027265906334001,0.062726318836212006,-0.10567653179169,-0.1072633266449,0.12807747721672,0.11082945019007,0.12948982417582999,-0.15435796976089,0.052628912031651001,0.021425906568766001,0.023800756782293001,0.031770419329404997,-0.053820200264453999,-0.060671783983706998,-0.018129570409656001,-0.071662478148937003,0.10703213512897,-0.094231583178043005,-0.11152541637421,0.0042671225965022997,0.0021101876627654002,0.0030915639363229002,-0.044019196182489,-0.039361592382193,0.11678998172283001,0.023717142641543999,-0.045412249863147999,-0.021914718672633001,0.0099376412108541003,0.0016103835077956,0.073531866073607996,0.15987506508827001,-0.081940762698649999,0.10297574847936999,0.025676965713501001,-0.058329075574875003,0.031363230198622,0.0011299718171358,-0.070956230163573997
0.0047298027202487001,0.083529517054557995,-0.168790563941,-0.12694251537323001,0.079323612153529996,0.013372537679970001,-0.083840511739253998,-0.16943494975567,0.10090276598929999,0.047308363020419998,0.091539323329925995,0.027012277394533001,0.091203421354294004,0.19714458286761999,0.037434753030539003,0.11465786397457001,0.11365791410208,0.054377742111683003,-0.042496841400861997,-0.0035305374767631002,-0.030584096908568999,0.19040311872959001,-0.013647273182868999,-0.060422293841839003,-0.059777554124593998,0.057074435055256001,0.11173295229673,0.10804066807032001,0.082997024059296001,0.18726915121078,0.0057772323489189,0.17051658034325001,0.14584396779537001,0.0052408473566175002,0.036005251109599998,0.16088072955607999,0.10919001698494001,-0.010596032254397999,0.070891000330447998,0.016216924414039002,-0.10032296925783001,0.017311196774244,0.079814635217189997,0.033774349838494998,-0.0016928458353505,0.071355454623698994,0.0077210799790919001,0.11839391291142,0.00086634448962285995,-0.054065652191639002,-0.031577523797750001,0.039542574435472003,-0.039955701678990999,-0.018292859196663,-0.034618154168129002,0.088908880949019997,-0.14500647783279,0.063135288655758001,-0.13327717781067,0.12013446539640001,-0.16021302342415,-0.093369089066982006,0.14492720365524001,-0.073175102472305006,0.023625625297427,0.0012012518709525,-0.074896797537803997,0.11710332334042001,-0.068439230322837996,0.048055831342935999,0.053580753505229999,-0.096021734178066004,-0.071995817124844,-0.14277236163616,-0.024872673675418001,0.039821565151215002,0.055508293211460003,-0.052667640149592999,-0.12377026677132,-0.16320498287678001,0.19919924438,0.096570923924445995,-0.070467092096806003,0.023791026324034001,-0.059912655502557997,0.0088452743366360994,-0.063347667455672996,-0.083690062165259996,-0.0076840873807668998,0.17889642715453999,0.022607550024986,-0.12958866357803001,-0.12115561962128001,0.13595865666866,0.13435183465480999,0.095815241336822995,-0.13858450949192,0.0024496193509548998,0.056311480700970001,0.024592524394392998,0.034718889743090002,-0.029735499992966999,-0.039648201316595001,-0.020650099962949999,-0.077895693480968003,0.083457350730895996,-0.078703694045544004,-0.12337778508663,0.021377081051468998,-0.0080464379861950996,-0.020278321579099,-0.057634595781564997,-0.022481001913548002,0.11336237192154,0.0079059302806854005,-0.045455850660801003,0.026940772309899001,-0.013240226544440001,0.024628980085254,0.082536116242409002,0.13474585115910001,-0.083564400672913,0.098149649798870003,0.063548728823661998,-0.0037515007425100002,0.0036034905351698,0.030960485339165001,-0.043815653771161998
0.031029433012009,0.057413443922997,-0.12578777968884,-0.12366010993719,0.086622960865498005,0.077798828482627994,-0.099543198943137998,-0.14133353531361001,0.017399756237864002,0.079701066017151004,0.10736787319183,-0.019176978617907001,0.14811892807484001,0.18506377935410001,0.13003021478653001,0.10294855386019,0.11535979062319,0.021271543577313,-0.054528314620256001,0.021395349875092999,-0.017350517213345001,0.11137050390243999,0.013044717721641,-0.038118429481982997,0.0027889269404113002,0.061376392841339,0.082632549107075001,0.065855398774147006,0.032898414880037002,0.1133499443531,0.065887086093426001,0.16283859312533999,0.086462393403053006,0.065223217010498005,0.042851861566305001,0.20706123113632,0.090774476528168002,-0.0014825508696958,0.077887952327727994,-0.070240840315818995,-0.062554754316807001,-0.059645239263772999,0.071312762796878995,0.041851721704006001,-0.020212281495332999,0.082724876701831998,0.0052390820346773,0.19216440618038,-0.072943978011607999,-0.065037772059441001,-0.032597195357083997,-0.011655158363283,-0.037319831550121002,-0.046103920787572999,-0.0032130104955286,0.064282678067683993,-0.20601819455623999,0.073291093111038,-0.078726284205914002,0.041732832789420998,-0.16583530604839,-0.075437374413013,0.11640886217356,-0.093551196157932004,0.045129358768463003,0.096794508397578999,-0.086666449904442,0.20916378498077001,-0.073990166187286002,0.047366071492433999,0.032505348324776001,-0.051929604262114001,-0.098623760044575001,-0.2157910913229,-0.012317283079027999,0.011537564918398999,0.045727532356976998,-0.024097941815853001,-0.044850505888461997,-0.061183221638203,0.16691230237484,0.011055332608521,-0.069202058017254001,-0.045589257031679001,-0.11527149379253,-0.016829792410134999,-0.026521837338805001,-0.049384988844395003,0.020338630303741001,0.20748302340508001,0.065500669181347004,-0.11671973764896,-0.084477737545967005,0.14528280496597001,0.012822176329792,0.093820266425610005,-0.12320081144571,-0.0025963531807065001,0.039539638906717002,-0.047959987074136998,0.052604034543036998,-0.01303188316524,-0.063400983810424999,-0.047889705747366,-0.061475735157728001,0.10445764660835,-0.12703110277653001,-0.080315679311752,0.053870834410190999,-0.030442412942648,-0.020662290975451001,0.015067235566676,-0.053706094622612,0.10260605812073,0.073346175253391002,-0.050910837948321998,-0.059514045715331997,-0.015967657789587999,0.0029050754383205999,0.11274199932814,0.14318761229515001,-0.10747899115086,0.095342770218849002,0.13326245546341001,0.025763694196939,-0.010673827491701,0.059526555240154003,-0.057985749095678003
-0.0026725290808827002,0.066269166767597004,-0.077446855604649006,-0.11925608664751,0.071136057376862002,0.057575441896914999,-0.020625708624721,-0.14693991839886,-0.017394807189703002,0.12508569657803001,0.053487461060285998,-0.012318746186793,0.11146015673876,0.16916888952254999,0.12126158922911,0.075382702052592995,0.036425579339265997,0.055841702967881997,-0.064419180154799999,0.0031019533053040999,-0.09885647892952,0.086899153888226,0.018239170312881001,-0.12964363396167999,-0.069048464298248,0.068428069353103999,-0.01003329269588,0.096825137734412994,0.055572096258402003,0.071075499057769997,-0.014004187658429,0.24726165831089,0.059462718665600003,0.053681377321482003,0.062460310757159999,0.15409146249294001,0.068572402000426996,0.033453717827796998,0.083157144486904006,-0.077095881104468994,-0.060928698629141,-0.084968216717243,0.044537801295519,-0.060564756393432999,-0.035310089588164999,0.11723809689283,-0.033737186342478,0.19353571534156999,-0.10821560025215,-0.046771593391895003,-0.064417727291584001,0.031199352815747001,-0.023533841595053999,-0.027793714776635,-0.030677322298287998,0.038120858371257997,-0.12299109250307,0.037697758525609998,-0.12575685977935999,0.098579548299312994,-0.14187544584274001,0.010711657814682,0.10835058242083,-0.074127249419688998,0.064161419868469002,0.18872004747391,-0.10872867703437999,0.17679350078105999,-0.13058090209961001,0.049484457820653999,0.020298317074776001,-0.064266882836819,-0.055809039622544999,-0.055000055581331003,-0.015646310523152001,0.0062788939103483998,0.061829749494791003,-0.14383561909199,-0.002578476909548,-0.15964895486832001,0.17289933562279,-0.0015963210025802001,-0.095430769026279005,-0.048247173428535003,-0.10605607926846,-0.037784952670335999,-0.060089364647864997,-0.034209392964839998,0.054394055157900002,0.23762036859989,0.11635419726372,-0.073037840425968004,-0.031088804826140001,0.14581972360611001,0.020371679216623001,0.10678415000439,-0.095884911715983998,0.011930799111724,0.057989038527012003,-0.00086723605636507002,0.097724556922913,-0.021490830928086999,-0.076411582529544997,-0.063568703830242004,0.0015176335582509999,0.1127290353179,-0.064625151455402,-0.073990657925605996,0.084522873163223003,-0.0044193267822265998,-0.013550374656915999,0.036299344152211997,-8.9867535280064006e-05,0.072460025548935006,0.060904338955879003,-0.071957260370255002,-0.0017163325101137001,0.053220003843307002,0.065532483160495994,0.084384188055992002,0.13705490529537001,-0.16409732401370999,0.12816075980663,0.077782884240149994,0.025616245344280999,0.019201431423426001,0.059302855283022003,-0.093643710017203993
1,2,3
0.091533601284027002,0.035241477191447997,-0.013365466147660999,-0.084601588547230003,0.13930359482765001,0.082285180687903997,-0.031240997835993999,-0.12706163525580999,-0.059912156313657997,0.027650795876980001,0.056071870028973,-0.077592596411705003,0.025500986725092,0.12386641651392,0.18264482915401001,0.12816180288792001,0.085659690201283001,0.090969614684582006,-0.021753143519163,-0.065896213054656996,0.019602557644247998,0.18785342574120001,0.034424178302288,-0.10203250497580001,0.065781831741332994,0.018482515588403001,0.013202084228395999,0.064310252666473,0.1143102273345,0.073848411440848999,0.051972307264805,0.14804621040821,-0.0010160421952605,0.028846163302659999,0.12306323647499,0.11354054510592999,-0.00053208565805106997,-0.079339586198329995,0.12031625211239,-0.1058217510581,-0.063534259796142994,0.0031618978828192,0.073153570294379994,0.066213913261889995,-0.025980710983275999,0.13335217535496,-0.023227624595164999,0.14259910583495999,-0.10356357693672,-0.076804339885712003,-0.019240783527493002,0.041731603443622999,-0.015557247214019,-0.086869992315769001,-0.077693358063697995,0.0030722587835043998,-0.10237307846546,0.081307321786879994,-0.073664389550685994,0.083542324602603996,-0.096037298440933005,-0.016210081055759998,0.088309951126574998,-0.012851513922215001,0.054788608103990999,0.093140065670012998,-0.11951623111963,0.1216319128871,-0.070093668997288,0.12683372199535001,0.034774538129568003,0.0088955946266650997,-0.042630027979611997,-0.14482849836348999,-0.12142629921436,-0.073665566742420002,0.029195426031947001,-0.095461338758469003,-0.060125883668661,-0.078826889395714,0.23126137256622001,0.057833980768918998,-0.082899734377860995,-0.072022140026093001,-0.034589678049088003,-0.085251733660698006,-0.080208137631416002,-0.059227548539638998,-0.052151869982481003,0.21508395671843999,0.15618872642517001,0.0098333172500134,-0.21112091839314001,0.10631226748228,0.078272730112076,0.13444097340107,-0.081317789852619005,0.060625270009040999,-0.00080670637544245005,-0.0085601955652237008,0.051889061927795001,0.0010609055170789001,-0.0053754001855850003,-0.088988021016120994,-0.065295025706291004,0.069071955978870003,-0.0213279761374,-0.070765644311905004,0.18588359653950001,-0.020531635731459,0.060351233929396002,0.012660086154937999,-0.048258088529110003,0.074802331626415003,0.13675016164779999,-0.053317576646804997,0.0011310338741168,0.012686429545283,0.021714961156249001,0.068095691502094005,0.12423283606768,-0.079532422125339994,0.11729227751493,0.079618372023105996,0.037332870066166,-0.042767249047756001,0.14254640042781999,-0.078170947730540993
-0.038910970091819999,0.15992361307144001,-0.11758159846067,-0.11428095400332999,0.056109167635441,0.032444596290587997,-0.065667219460011,-0.12067832052708,0.088959686458111004,0.054709576070308998,0.051126979291439001,-0.044801265001296997,0.098880223929881994,0.15347714722156999,0.11608079075813001,0.097643993794918005,0.050961773842572999,-0.0016541780205444,-0.089094519615173007,-0.0071538896299898997,-0.068713247776030995,0.096283122897147994,0.0084783285856247,-0.071676976978779006,-0.023689948022366,0.012987900525330999,0.025082290172577001,0.092755287885666005,0.095974549651146004,0.10174258798360999,0.068877167999743999,0.23646757006645,0.1242586299777,0.055227123200893,0.0055613066069781997,0.17292827367783001,0.14037534594536,0.038692567497492003,0.028109503909944999,-0.027168640866875999,-0.014533604495227,-0.075013659894465998,0.10650750249624,-0.00016142938693519999,-0.014097788371145999,0.098289474844933,0.047926545143126997,0.14389547705649999,-0.080771476030349995,-0.046360865235329,-0.10469300299883,0.025957252830267001,-0.012085258960724,-0.026309309527277999,-0.019234390929341001,0.089219838380814001,-0.16173870861529999,0.030800746753811999,-0.076221443712711001,0.022749716416001001,-0.21632128953933999,-0.037614606320858002,0.095270887017250006,-0.10308322310448,0.0069890934973954998,0.17715407907962999,-0.050196070224046999,0.11171937733888999,-0.092261679470538996,0.027730943635106,0.0015583428321406,-0.081814952194690996,-0.079173482954501995,-0.070167422294617005,0.085725307464599998,0.0032472491730005,0.035983338952065,-0.064270131289958995,-0.083745889365672996,-0.14363439381123,0.15706740319729001,0.068527497351170003,-0.097790315747261006,-0.023281797766685,-0.063722692430019004,0.058465261012316,-0.073912471532822002,-0.061923410743475002,0.012952653691173001,0.20887346565723,0.10279776155949,-0.12860724329948001,-0.098806664347648995,0.056112553924322003,0.091688804328441995,0.10949341952801001,-0.13856703042984,0.055269520729780003,0.059686440974474002,-0.0095225553959608009,0.00042053419747389999,-0.085401564836502006,-0.018952438607812001,0.00049963395576923999,-0.10559160262346,0.12550535798073001,-0.11832298338413,-0.036683741956948998,0.065236128866673002,-0.041460171341896002,-0.016434881836175998,0.036804970353841997,-0.066960938274859994,0.057163305580615997,0.044638730585575,-0.087847620248795,0.0085784206166863008,-0.036999676376580998,0.11562281101942,0.10810613632202,0.18619994819164001,-0.063903912901877996,0.11091413348913,0.14227992296219,-0.016862602904439,-0.029532575979829001,0.047641877084970002,-0.049949705600738997
0.034890234470367001,0.11586429178715001,-0.13209055364132,-0.12337483465672,0.096205890178680004,0.056366492062807,-0.0089574353769421994,-0.14002838730812001,0.034097023308276998,0.083136193454265997,0.084321066737175002,-0.01977407746017,0.096404187381268006,0.16089266538620001,0.11504264175892,0.093833431601524006,0.075537055730819994,0.031009860336780999,-0.076999880373478005,-0.026997862383722999,-0.055728804320096997,0.14450034499167999,0.0014288809616118999,-0.082163311541080003,-0.015660205855965999,0.023879634216428001,0.065220974385737998,0.10082889348269,0.10872025042772,0.13496778905392001,0.021581174805759998,0.20722584426403001,0.063505470752715995,0.046797528862952999,0.034390751272439998,0.13763049244881001,0.068181298673153007,-0.0012553753331304,0.065907374024390994,-0.027706101536751002,-0.056366033852099998,-0.052998211234808003,0.067606158554553999,0.057549625635146998,-0.037860117852688002,0.12295763939619,-0.012179126963019,0.16655179858208,-0.078074552118778007,-0.057504128664732,-0.027598228305577999,0.066706679761409995,-0.070781752467154999,-0.063990391790867004,-0.038606356829404997,0.058996826410294002,-0.18135912716388999,0.099522210657597004,-0.10167974978685,0.10272017121315,-0.17641715705395,-0.078517116606236004,0.1425204873085,-0.079492464661597997,0.041701033711433001,0.081748746335505995,-0.096728317439555997,0.13938349485397,-0.10842572152615,0.084092207252979001,0.030483795329927999,-0.035457894206047003,-0.065560996532440005,-0.10208281129599001,-0.031007552519441001,-0.011290792375803001,0.071618251502513997,-0.061815753579140001,-0.085462667047977003,-0.12949986755848,0.19367973506451,0.028420289978384999,-0.087533071637154,-0.034174982458353001,-0.082203283905982999,-0.038961205631495001,-0.055026553571223998,-0.082543507218360998,0.012856799177825,0.21474325656891,0.089675396680832006,-0.11464665085077,-0.14433281123638,0.095362916588783,0.095396369695662994,0.10307865589857,-0.098750084638595997,-0.0028385103214531998,0.06819985806942,-0.0026374938897789002,0.031659312546253003,-0.0097225168719887994,-0.028273072093725,-0.012319806963204999,-0.1009219288826,0.087099596858025,-0.10652320832014001,-0.042904049158096001,0.10175514221191,-0.039501465857029003,0.027787528932095001,0.031737495213746997,-0.055162478238343998,0.10543087124825,0.070230454206466994,-0.068754091858863997,0.018524613231420999,0.0032092493493109998,0.075068704783916002,0.11829899251461,0.14697380363941001,-0.095020666718482999,0.10354742407799,0.12792333960533001,0.028006643056869999,-0.032293509691953999,0.060851592570542998,-0.081927038729191007
