-0.0224970802665,0.0908045396209,0.0170824676752,-0.0370979309082,-0.0573724508286,-0.0306033361703,0.00641142576933,-0.121635898948,0.0931684151292,-0.0871620029211,0.153915822506,-0.172647476196,-0.329582184553,-0.0585821792483,-0.0595137067139,0.0952407419682,-0.0159818846732,-0.135760575533,-0.21503226459,-0.122626163065,0.0477077327669,0.0294380318373,0.00785010214895,-0.00864552147686,-0.210563540459,-0.288171112537,-0.0682643949986,-0.072411864996,-0.0201159548014,-0.099187284708,-0.0913401544094,0.00928854756057,-0.219739630818,-0.115749210119,0.00285548716784,0.0541655793786,-0.0711551830173,-0.0606080666184,0.153206497431,0.0721884071827,-0.136773809791,0.0644972771406,0.0826756432652,0.289097607136,0.216919094324,0.0247760899365,-0.00727132335305,-0.104562975466,0.0673124119639,-0.270849436522,0.089896723628,0.124318979681,0.134183645248,0.113298632205,0.16058139503,-0.111029304564,0.0457315295935,0.136337071657,-0.177122473717,0.0682969540358,0.109338410199,0.00736152008176,-0.0558020696044,-0.0564759634435,0.225586101413,0.069722853601,-0.152211725712,-0.0342932194471,0.113342344761,-0.165033847094,0.0208861324936,0.0306503809988,-0.0492753759027,-0.133285090327,-0.309344291687,0.115995764732,0.429520100355,0.141293928027,-0.248843118548,-0.0417031943798,-0.0721174255013,-0.00528363790363,0.155828371644,-0.00588493701071,-0.0995567440987,-0.0497416555882,-0.0878233611584,0.0446911975741,0.167311161757,-0.0370940491557,-0.0205845236778,0.221833691001,0.0273817181587,-0.0350157320499,0.0740640312433,0.0778619796038,-0.218172848225,-0.0394561514258,-0.081209756434,0.0551372021437,0.0710973143578,-0.168982848525,-0.024739023298,0.109963059425,-0.112366974354,0.129742175341,-0.00695482082665,-0.0686707645655,0.00412974599749,-0.0258115734905,-0.100284613669,-0.0705429688096,0.101979441941,-0.295614778996,0.0928610861301,0.134208202362,-0.0401109270751,0.0759588479996,0.0641629397869,0.0698606446385,0.0100609678775,0.0889518633485,-0.135183423758,-0.115144737065,0.0385955423117,-0.0115004647523,0.0161699205637,0.0204632095993
-0.0256729088724,-0.0356921218336,0.0236672498286,-0.0443201810122,-0.0165392644703,-0.10088853538,0.0219046324492,-0.058361094445,0.0861338749528,-0.0753492489457,0.177680462599,-0.155903801322,-0.268635869026,-0.0359089262784,-0.047780200839,0.103192619979,-0.0292617920786,-0.105541668832,-0.151944085956,-0.182101681828,0.0713859647512,0.0281443558633,-0.0110039617866,0.0068766172044,-0.196404442191,-0.240967079997,-0.0685921013355,-0.0816248953342,-0.0784539729357,-0.113377220929,-0.0110781965777,0.0869869813323,-0.230977520347,-0.148131534457,0.0692101716995,0.0795165225863,-0.05114678666,-0.0503169223666,0.152692347765,0.128282055259,-0.116116084158,0.0412279255688,0.115131922066,0.322686553001,0.198431074619,0.0347082838416,-0.0720320641994,-0.0246280282736,0.0743401125073,-0.336810588837,0.0872489959002,0.0687823593616,0.159906938672,0.0894865170121,0.173692330718,-0.0903934389353,0.0697877705097,0.107678629458,-0.161008670926,0.100364565849,0.100742682815,-0.0584597662091,-0.0480612851679,-0.0582197569311,0.168555140495,0.0609861128032,-0.1412345469,-0.011805289425,0.0912721678615,-0.116404153407,-0.0365041084588,0.0584751293063,-0.0660967454314,-0.145004272461,-0.336447894573,0.109869174659,0.440640956163,0.113632000983,-0.213331580162,-0.0457326509058,-0.0219765417278,0.0390479490161,0.152330815792,-0.01198513899,-0.0534955859184,-0.0547983795404,-0.0410537309945,0.0393221899867,0.152617156506,-0.0097204502672,-0.113843299448,0.174181252718,-0.0620380565524,0.00650170166045,0.0616403594613,0.0551081448793,-0.134006768465,-0.0380143336952,-0.129197195172,0.0308459661901,0.0573465265334,-0.152598544955,-0.0316920243204,0.11967843771,-0.155152887106,0.0632746517658,-0.0203756708652,-0.0986417904496,-0.0162358395755,0.0378770753741,-0.155482590199,-0.00328154675663,0.0649460628629,-0.306810319424,0.124866850674,0.202050343156,-0.0222265105695,0.0569095723331,0.0601096227765,-0.017340041697,0.0348702743649,0.0579226762056,-0.135409429669,-0.132397502661,0.0172001644969,0.0508428029716,0.00424767751247,-0.00809993594885
-0.0961766839027,0.016922455281,0.0724288225174,-0.0277972742915,-0.016594864428,-0.108007617295,0.0658658370376,-0.0751372054219,0.126094698906,-0.052436683327,0.167364746332,-0.0248427018523,-0.300419449806,-0.104218311608,-0.0379763022065,0.0774456188083,-0.00682314066216,-0.114007487893,-0.138336136937,-0.171497046947,0.0876433029771,0.0447093173862,0.0788712352514,-0.0451735556126,-0.157545313239,-0.295515716076,-0.114575818181,-0.104029014707,-0.0775197520852,-0.106314525008,-0.023408677429,-0.00887212716043,-0.184528723359,-0.129485085607,0.0226306915283,0.0625569075346,-0.0488540306687,-0.0135448332876,0.111136883497,0.0509025752544,-0.138834923506,0.0239409245551,0.11103656888,0.284826815128,0.183705449104,0.0740638151765,-0.0116052702069,-0.066339276731,0.0362249910831,-0.269460350275,0.107645660639,0.0880374163389,0.110265657306,0.0495872348547,0.196474537253,-0.116434119642,0.0479513853788,0.0574218071997,-0.187609598041,0.0831918641925,0.105611175299,-0.0211244486272,-0.117976114154,-0.038161855191,0.149608328938,0.0780242979527,-0.157214537263,-0.065890647471,0.0814263373613,-0.195501625538,0.013294890523,0.0920741707087,-0.0971573665738,-0.178820073605,-0.273056775331,0.108741268516,0.417050123215,0.126641884446,-0.148684099317,-0.0263593811542,-0.0742749944329,0.0623666979373,0.0924053937197,-0.00951668433845,-0.0981452763081,0.0463731810451,-0.119088679552,0.0590838678181,0.075400903821,-0.0235509891063,-0.0823034867644,0.19061383605,-0.0274777784944,0.0273351743817,0.0562848113477,0.109387911856,-0.158871039748,-0.00954479165375,-0.116689607501,0.0171742197126,0.120761141181,-0.173796281219,-0.0110186254606,0.0569482259452,-0.125043272972,0.0901550650597,-0.0516741015017,-0.0597322508693,-0.0403996221721,-0.0256275292486,-0.115003481507,-0.00441817753017,0.0716333165765,-0.276716530323,0.161875262856,0.220867618918,-0.0699189975858,0.0914558023214,0.0425841957331,0.0208164099604,-0.0118955802172,0.024362899363,-0.125249788165,-0.0921332389116,-0.0208400152624,-0.0172795224935,0.046588562429,-0.00499422103167
-0.0766735747457,0.00864904746413,0.0711024180055,-0.0674679800868,-0.0613780617714,-0.0436222068965,0.0656227767467,-0.0600897036493,0.120695643127,-0.0696610361338,0.182607784867,-0.0615428797901,-0.271003365517,-0.0772608667612,-0.0780079588294,0.0826471894979,-0.0242388416082,-0.115120410919,-0.129629209638,-0.171020656824,0.0625083744526,0.0541448220611,0.0571228712797,-0.0103315673769,-0.152853801847,-0.28653421998,-0.100493386388,-0.081295311451,-0.0664245933294,-0.107962116599,0.0135578373447,0.00243203132413,-0.238213315606,-0.107048839331,0.0249094944447,0.063939422369,-0.0392861068249,-0.0485544465482,0.0955711975694,0.00999365467578,-0.137878283858,0.0253684725612,0.150882422924,0.272941201925,0.149424880743,0.034169703722,-0.0556794367731,-0.0247496403754,0.0406778603792,-0.250136882067,0.131965875626,0.0468682236969,0.17092345655,0.0235925838351,0.172978699207,-0.0839023962617,0.0295776035637,0.12799666822,-0.145422130823,0.0907945856452,0.0826925635338,-0.0524675287306,-0.0806059837341,-0.0546337068081,0.134833216667,0.0882804095745,-0.139463290572,-0.0750250145793,0.0672939419746,-0.159665316343,0.0306408386678,0.0917642265558,-0.0597900338471,-0.143340110779,-0.253665536642,0.110326215625,0.441544979811,0.118401587009,-0.168097153306,-0.0433386489749,-0.0605116598308,0.0720326974988,0.0866979435086,-0.00852358713746,-0.0970899611712,0.00772337149829,-0.123394265771,0.0787504017353,0.104034759104,-0.0230882428586,-0.0940542295575,0.185244783759,-0.0488703250885,-0.0115214725956,0.0395674183965,0.0698950961232,-0.156821623445,0.01032033097,-0.0952158421278,0.0384601205587,0.0802976042032,-0.149839267135,-0.0327946990728,0.0555922612548,-0.13329590857,0.0567919574678,-0.0351081900299,-0.0728744566441,-0.000161749310791,0.00439333543181,-0.11515173316,-0.0242828708142,0.0696154460311,-0.292450070381,0.138841837645,0.156270220876,-0.075727917254,0.125287085772,0.0561858043075,0.0365955121815,0.0278068277985,-0.0053490512073,-0.0992502868176,-0.102834440768,0.0213658455759,-0.0313360057771,0.0807726532221,-0.00952726975083
-0.0775122866035,0.00278108660132,0.0816339626908,-0.0097242295742,-0.0323611907661,-0.118522547185,0.0663509964943,-0.0421494804323,0.0913431569934,-0.0267110932618,0.170347362757,-0.0778411701322,-0.304648458958,-0.0890741944313,-0.0431088134646,0.0873743891716,-0.00771591998637,-0.120865158737,-0.114143893123,-0.18071615696,0.0638266578317,0.0357110202312,0.0651468038559,-0.0219733323902,-0.162078171968,-0.28239557147,-0.0799688026309,-0.0869170278311,-0.0554012320936,-0.0966359525919,-0.0402082502842,0.0180056970567,-0.220129847527,-0.159506395459,0.0596501007676,0.0781521201134,-0.0268335919827,-0.0219500474632,0.148574993014,0.0484295189381,-0.121550962329,0.00885845627636,0.12117639184,0.286976993084,0.152379706502,0.0692544579506,-0.0262666102499,-0.0412911809981,0.03690450266,-0.284721821547,0.11727938056,0.0891220867634,0.133460059762,0.0533905364573,0.136826872826,-0.139911144972,0.0491570085287,0.107906326652,-0.182469218969,0.0827465802431,0.0933252722025,0.000315602868795,-0.0944655612111,-0.0157814025879,0.170338883996,0.0744247063994,-0.152955129743,-0.0589726679027,0.0774147287011,-0.161004588008,0.0394427701831,0.0978292524815,-0.070771664381,-0.152195006609,-0.241483539343,0.106612406671,0.420104265213,0.0835986435413,-0.172741219401,-0.0430817939341,-0.0763113200665,0.0470879599452,0.108791857958,-0.0220080185682,-0.0911403000355,0.0334527865052,-0.108872562647,0.0657182559371,0.0919397845864,-0.00449855718762,-0.0779892653227,0.185615450144,-0.0187111515552,0.0555540062487,0.0631035342813,0.101813212037,-0.138812601566,0.0135224256665,-0.109596960247,0.0399511530995,0.113012067974,-0.153341218829,-0.0127156302333,0.0698204860091,-0.147138908505,0.0746264606714,-0.0386982001364,-0.0492771975696,-0.0262787975371,-0.0220973547548,-0.0966222807765,-0.00649675307795,0.0685038939118,-0.297602176666,0.155644342303,0.206161677837,-0.0846934840083,0.0880144685507,0.0410122126341,-0.0136065324768,0.043095421046,-0.00367043726146,-0.145298838615,-0.0813665017486,0.000268124975264,-0.0494899377227,0.0417481921613,-0.00149579904974
-0.0296787805855,-0.0148474182934,0.0151341482997,-0.0560333095491,-0.10074327141,-0.0624229311943,0.0433572903275,-0.0714888945222,0.082671739161,0.00890618376434,0.160498514771,-0.162436142564,-0.290730953217,-0.0565894246101,-0.0964699462056,0.0508556365967,-0.0082124909386,-0.118119694293,-0.142246112227,-0.156562060118,0.0637712776661,0.0235957484692,-0.00158882595133,-0.019680518657,-0.140708610415,-0.3089889884,-0.0948110371828,-0.0818439051509,-0.0229028593749,-0.151604756713,0.0323546677828,0.0754926502705,-0.24752227962,-0.111556746066,0.0126884449273,0.0542056784034,-0.0772408992052,-0.094784617424,0.158172398806,0.0791172981262,-0.118295192719,0.0362731292844,0.0923124402761,0.242974579334,0.146677166224,0.0389980114996,-0.0299166589975,-0.00596127007157,0.0716946050525,-0.326918184757,0.0236994549632,0.157024919987,0.111695818603,0.0685550570488,0.12668672204,-0.0635608956218,0.0360656417906,0.0965752601624,-0.220929592848,0.0904000550508,0.018530394882,-0.0448866859078,-0.0903258323669,-0.0776506364346,0.158135801554,0.135876119137,-0.07961910218,-0.116865247488,0.104611560702,-0.198835998774,-0.0313208214939,0.11382458359,-0.0651821419597,-0.144981518388,-0.242900192738,0.127781048417,0.422358870506,0.0788949131966,-0.160977840424,-0.0148478103802,-0.0662899166346,0.00110168289393,0.0753399059176,-0.0643439367414,-0.062082041055,-0.0184507034719,-0.101932600141,0.0246013738215,0.19688500464,-0.082392282784,-0.0867386907339,0.17709620297,-0.0454723984003,0.0449381060898,0.0521955415606,0.0507491156459,-0.123921364546,-0.0059119281359,-0.0582244843245,0.02934021689,0.133591324091,-0.144175559282,-0.0264973975718,0.0651114806533,-0.101385869086,0.0694095790386,-0.0605112202466,-0.109919831157,-0.0393008813262,-0.0542346388102,-0.110525004566,-0.00297945877537,0.125017747283,-0.311397075653,0.222225084901,0.168000429869,-0.0760538429022,0.0603084489703,0.0327326767147,-0.00559246726334,0.0223747938871,0.0271905846894,-0.0771434679627,-0.151064857841,0.0188193041831,0.0203529596329,-0.055674623698,-0.0500278025866
-0.043588578701,0.0140268690884,0.0422687120736,-0.0695867389441,-0.0282402988523,-0.100263081491,0.0398067384958,-0.133222177625,0.0973800122738,-0.0775480270386,0.159703552723,-0.133410587907,-0.318335771561,-0.0605812482536,-0.00273112906143,0.0258738994598,-0.0183649882674,-0.180987939239,-0.135627731681,-0.19668841362,0.0548860952258,0.00850128009915,-0.0116233937442,-0.021301843226,-0.208771765232,-0.232274413109,-0.0647833198309,-0.0815076455474,-0.0632755681872,-0.124473020434,0.0225777644664,0.0584259182215,-0.195428386331,-0.127751320601,0.0536994151771,0.130913734436,-0.0459847003222,-0.0840983018279,0.169946193695,0.0576996654272,-0.123458832502,-0.0312095955014,0.0576149560511,0.307505100965,0.179245263338,-0.0278008654714,-0.0299918428063,-0.0278473347425,0.115434989333,-0.296723634005,0.0513065122068,0.112137265503,0.198366716504,0.0469179786742,0.180861756206,-0.0943895727396,0.062035150826,0.154594838619,-0.218470364809,0.0938728451729,0.10465438664,-0.0819262936711,-0.0741514340043,-0.0564847066998,0.149912253022,0.0790484398603,-0.134121283889,-0.0655568316579,0.107411339879,-0.146187275648,-0.0539045594633,0.107877463102,-0.0761139541864,-0.165241137147,-0.267546862364,0.0900176763535,0.39027094841,0.0887520611286,-0.213772043586,-0.0549911782146,-0.0239862259477,0.0538328886032,0.13236798346,-0.0368016809225,-0.0891546681523,-0.00468288175762,-0.099955290556,0.0253259427845,0.171883106232,-0.0213868319988,-0.121987581253,0.154221996665,-0.0612029060721,-0.00851402524859,0.0865234136581,0.0623585321009,-0.129426300526,0.00376181863248,-0.103542923927,0.0263832211494,0.131520658731,-0.190494090319,-0.0182769987732,0.108683288097,-0.141799584031,0.0659170746803,-0.0547970123589,-0.0686546564102,-0.0276918243617,-0.0593068040907,-0.123560287058,-0.0138464039192,0.12839590013,-0.345496952534,0.103984519839,0.211996793747,-0.0849584788084,0.0648171156645,0.019609156996,-0.0314595326781,0.0480126067996,0.040105946362,-0.126931756735,-0.139840394258,0.00315766874701,0.0469713248312,-0.00892804469913,-0.0371189489961
-0.0402484424412,-0.0321439094841,0.058830909431,-0.0358542837203,-0.0290346182883,-0.126590818167,0.0639161244035,-0.0855329856277,0.0868526473641,-0.072950951755,0.191037848592,-0.169479593635,-0.305119216442,-0.106603994966,-0.0589459128678,0.0803862735629,-0.052618317306,-0.16687361896,-0.130474194884,-0.22233428061,0.0696649998426,0.0193344168365,0.0423049964011,-0.0379817895591,-0.18938587606,-0.279854595661,-0.0836005732417,-0.0905159413815,-0.0502970926464,-0.130299061537,0.0120650595054,0.0638255923986,-0.249154105783,-0.149654120207,0.0270527228713,0.101105950773,-0.0504948832095,-0.062986202538,0.128435686231,0.046599894762,-0.105218186975,0.0307968072593,0.101477362216,0.298920094967,0.18314601481,0.00893865805119,-0.0624077022076,-0.040207080543,0.0378429070115,-0.285764634609,0.0691324397922,0.115707442164,0.197729766369,0.0880334079266,0.135358393192,-0.0529196485877,0.0621077865362,0.158108368516,-0.207485362887,0.0959321931005,0.0962167680264,-0.0251594018191,-0.0405240133405,-0.0388298518956,0.137245669961,0.078672721982,-0.13461984694,-0.0702242478728,0.0657124072313,-0.191142752767,-0.0411971509457,0.089661590755,-0.0767077505589,-0.160215809941,-0.308167099953,0.0860777869821,0.416488230228,0.09033665061,-0.187505364418,-0.0618304349482,-0.0386375412345,0.05384978652,0.128502726555,-0.0212797522545,-0.0956188291311,-0.015498097986,-0.109242647886,0.0463386923075,0.115149073303,-0.0254232659936,-0.149946168065,0.156452447176,-0.0501114055514,0.025701791048,0.0741678550839,0.0644929558039,-0.119416952133,0.0198657289147,-0.100036635995,0.0404488146305,0.0492431521416,-0.171973779798,-0.0475175976753,0.0768085122108,-0.0811763331294,0.0726751536131,-0.0415540486574,-0.0682733803988,-0.0443245582283,0.00137102580629,-0.0993149727583,-0.0241510570049,0.073529407382,-0.332389563322,0.135189786553,0.246247708797,-0.0666048824787,0.0896719768643,0.0284698214382,0.00354665797204,0.0163380876184,0.0367056652904,-0.116785936058,-0.102842636406,-0.0174886360765,0.0293105132878,0.0264153070748,-0.01374620758
1,2,3
1,2,3
-0.0685848742723,-0.00832894723862,0.0379573106766,0.0047157946974,-0.0265232156962,-0.101529449224,0.0853240266442,-0.0730380639434,0.0892612338066,-0.0484771355987,0.155484229326,-0.0784351229668,-0.308730304241,-0.116410247982,-0.0362453460693,0.0700106099248,0.000143226701766,-0.124935485423,-0.167657420039,-0.226404547691,0.0609756149352,0.0309566278011,0.0534916967154,-0.0191415864974,-0.181387096643,-0.262471526861,-0.0624868050218,-0.0933605134487,-0.0685218647122,-0.123786561191,-0.0544873923063,0.0298528242856,-0.229988485575,-0.128690749407,0.0392393283546,0.0744763463736,-0.0426323860884,-0.000820618122816,0.126526489854,0.0273538045585,-0.110907077789,0.0655168369412,0.11277333647,0.272476255894,0.209374770522,0.0596337020397,-0.0489237494767,-0.0640752613544,0.0818456411362,-0.285849034786,0.0693282932043,0.138664349914,0.0937217026949,0.0677184537053,0.148675888777,-0.0964564085007,0.0210405997932,0.0863891765475,-0.147636398673,0.0806109011173,0.0816104486585,-0.0315572209656,-0.0909167230129,-0.0560094639659,0.127496764064,0.0389267019928,-0.153800293803,-0.0486430451274,0.0548972375691,-0.228474393487,0.0189653802663,0.0888783037663,-0.071612291038,-0.179347276688,-0.269754379988,0.125872179866,0.418802112341,0.138574644923,-0.16210770607,-0.014103487134,-0.0824828594923,0.0569328218699,0.120999373496,-0.0374420359731,-0.0932704880834,0.0189402569085,-0.111914180219,0.0656994283199,0.136866614223,-0.0120958657935,-0.0670447945595,0.200327306986,-0.024941964075,0.041825838387,0.0623797364533,0.0921639800072,-0.153079912066,-0.0298368502408,-0.106756657362,0.041013918817,0.0814346820116,-0.203996509314,-0.0030087637715,0.0441375300288,-0.128067210317,0.0925458371639,-0.059313826263,-0.0367476344109,-0.0458802357316,-0.0106315370649,-0.105411008,0.00574297970161,0.0635751709342,-0.298700839281,0.179523378611,0.216189920902,-0.0613083615899,0.0912569388747,0.0414010509849,0.0188064165413,-0.0148878674954,0.0311085805297,-0.0967607200146,-0.116459168494,-0.00376827642322,-0.00459074927494,0.0497805289924,-0.016767449677
-0.0802599936724,-0.00168219022453,0.0444322377443,-0.0448760353029,-0.0186532083899,-0.100271247327,0.0276050940156,-0.0865003168583,0.102168388665,-0.0478558689356,0.226232752204,-0.167301088572,-0.279535382986,-0.124396443367,-0.0675029978156,0.123059310019,-0.0471853688359,-0.123936355114,-0.12311091274,-0.162342533469,0.0820594206452,0.0345329940319,0.0281765256077,-0.0105336997658,-0.167256742716,-0.342377573252,-0.10319814831,-0.0849157050252,-0.0939865857363,-0.143163844943,0.0191908031702,0.0345608666539,-0.197953909636,-0.109421342611,0.0465080812573,0.0744901150465,-0.0404309816658,-0.013895528391,0.121216766536,0.0728201195598,-0.129343941808,0.0272028520703,0.0931478515267,0.309519767761,0.167940557003,0.0637317225337,-0.0541030354798,-0.0691580846906,0.0521510913968,-0.271205931902,0.093978792429,0.10921484977,0.114577516913,0.0564278326929,0.212560132146,0.00896918587387,0.0351533144712,0.126228570938,-0.181878566742,0.0724620223045,0.0988147482276,-0.0231242123991,-0.0558982715011,-0.0775733143091,0.141629979014,0.0922307670116,-0.11377312988,-0.0491482019424,0.094940751791,-0.171576350927,-0.0448790825903,0.0670223534107,-0.0464349240065,-0.175919935107,-0.29758259654,0.081960812211,0.435461819172,0.095936819911,-0.225889593363,-0.0444926172495,9.3576265499e-05,0.0381908416748,0.204078391194,-0.0240692906082,-0.0495236888528,-0.0178417526186,-0.0852249413729,0.0151974493638,0.143781900406,-0.0290800891817,-0.0832089185715,0.183251306415,-0.0539728589356,0.0123205371201,0.104078382254,0.0503516606987,-0.087333932519,0.009840387851,-0.0971834659576,0.0406246557832,0.0582046583295,-0.145078971982,-0.0365603081882,0.0218121726066,-0.0933817401528,0.07157420367,1.84425152838e-05,-0.0699178799987,-0.0285800155252,0.034191314131,-0.11172927916,-0.0364021621644,0.0788450464606,-0.326618283987,0.164240449667,0.18386220932,-0.0876428261399,0.0866863802075,-0.00479896692559,0.0519627071917,-0.0134896747768,0.0115486495197,-0.0691349133849,-0.112761415541,-0.00100904982537,0.0342459306121,0.0134616242722,-0.0387497283518
-0.0470159389079,-0.0346651151776,0.0297508351505,-0.0357631482184,-0.0381570458412,-0.122790209949,0.0404372811317,-0.047072827816,0.0992669761181,-0.096132516861,0.163686290383,-0.10679396987,-0.299838393927,-0.0890136212111,-0.0590069890022,0.0989435762167,-0.0139489825815,-0.127703651786,-0.140799239278,-0.199656888843,0.0643398687243,0.0325224734843,0.0300747528672,-0.0135027691722,-0.142266884446,-0.275779992342,-0.0730224102736,-0.066716581583,-0.0677531957626,-0.107768297195,-0.0631566792727,0.0325630903244,-0.235509827733,-0.161225259304,0.0465052351356,0.0756041780114,-0.00925642065704,-0.0186512060463,0.149879053235,0.0950901061296,-0.113081596792,0.0328446403146,0.128377482295,0.294335573912,0.193293705583,0.0681625008583,-0.0511751882732,-0.0476412065327,0.0584967546165,-0.294472903013,0.0648340806365,0.101421184838,0.163407385349,0.0486919805408,0.125847607851,-0.0902467668056,0.0524469166994,0.0787488296628,-0.175508931279,0.0874989852309,0.114321939647,-0.0282396133989,-0.0941692441702,-0.0160785187036,0.190475866199,0.0700414255261,-0.149699524045,-0.0533217526972,0.0949371755123,-0.19800427556,0.00307548558339,0.0659129321575,-0.0626315101981,-0.134116292,-0.270061075687,0.0800444036722,0.436773240566,0.104946993291,-0.178184077144,-0.0368786975741,-0.0871173515916,0.0484303236008,0.157870069146,-0.0236247330904,-0.0675419941545,-0.0139690302312,-0.0948454365134,0.0575530566275,0.137870267034,-0.0119886398315,-0.0886252075434,0.165805518627,-0.00751732476056,0.0508322492242,0.0650007948279,0.0931422114372,-0.133765950799,-0.0104571897537,-0.106246702373,0.0607064329088,0.0687976703048,-0.171834632754,-0.00123100588098,0.0733294188976,-0.122451886535,0.0512671209872,-0.0481957048178,-0.0686810091138,-0.0144844129682,0.0290187112987,-0.113109327853,-0.0436886399984,0.0408234074712,-0.292341202497,0.137366399169,0.215292990208,-0.0785553008318,0.0724247768521,0.0365094169974,0.0284261293709,0.0274345465004,0.0209292136133,-0.120528459549,-0.128983438015,-0.0413829833269,0.00450043100864,0.0548273175955,-0.00835914164782
-0.0474413372576,-0.00887036230415,0.00527269998565,-0.0550831258297,-0.0416039675474,-0.125764936209,0.0138019360602,-0.0863963291049,0.0861863866448,-0.0619760379195,0.168718993664,-0.129674002528,-0.293290436268,-0.092965811491,-0.0738003104925,0.0894356295466,-0.0107058938593,-0.120772391558,-0.134747594595,-0.211959913373,0.0403810739517,0.0262335911393,0.0187456589192,-0.0389337837696,-0.151131942868,-0.260762393475,-0.0784184411168,-0.0682898834348,-0.0931708738208,-0.122414603829,-0.0243182312697,0.0244822576642,-0.246919199824,-0.130258783698,0.0446262657642,0.0853920429945,-0.028128253296,-0.0194033160806,0.144708171487,0.088117852807,-0.0984268859029,0.0457564741373,0.125479623675,0.267746508121,0.211326763034,0.030073562637,-0.0750835090876,-0.0539813563228,0.0615699514747,-0.290630161762,0.0618048757315,0.0985276997089,0.180697247386,0.047490902245,0.144369661808,-0.0499407909811,0.0402879230678,0.0868684127927,-0.160873830318,0.0703223720193,0.0983735993505,-0.0347615033388,-0.113300740719,-0.0346153043211,0.181279301643,0.0828507915139,-0.137727797031,-0.0450521111488,0.104014918208,-0.173444062471,-0.0126794148237,0.0835713893175,-0.0428013764322,-0.151293084025,-0.274240255356,0.120331697166,0.422950685024,0.0997580140829,-0.196877375245,-0.0500656887889,-0.0595100820065,0.0326025299728,0.123898424208,-0.0577360652387,-0.083243817091,-0.034661795944,-0.0892295688391,0.0676652565598,0.165689736605,-0.0395563095808,-0.0888542830944,0.169838815928,-0.0417671576142,0.0731899365783,0.0443861931562,0.0819945558906,-0.113227069378,-0.0107444860041,-0.0859967842698,0.0438051708043,0.126944184303,-0.180948883295,-0.00761268148199,0.0965037420392,-0.120942078531,0.0405196100473,-0.046366661787,-0.092417307198,-0.0106471050531,0.0188771355897,-0.083141118288,-0.0271267015487,0.0718584284186,-0.291994571686,0.174877792597,0.195021852851,-0.0889048576355,0.0513374470174,0.0235308837146,0.00644537806511,0.0250357091427,0.0169844403863,-0.103210441768,-0.133859351277,-0.0411047711968,0.0172240491956,0.0282909497619,-0.00906252488494
-0.0554609410465,-0.0177466850728,0.0668616518378,-0.042691398412,-0.032309319824,-0.127855718136,0.035595793277,-0.0532970093191,0.11879029125,-0.10162948072,0.176514700055,-0.0872424244881,-0.29428473115,-0.0819490551949,-0.0164316929877,0.0866859033704,0.00233470927924,-0.10865611583,-0.125910177827,-0.182051509619,0.0731353089213,0.0367456078529,0.0339691638947,-0.0413765273988,-0.16298635304,-0.281156092882,-0.105787217617,-0.0269203968346,-0.0955540686846,-0.119033686817,-0.00687201786786,0.0465200804174,-0.215580001473,-0.1424279809,0.0318807847798,0.0543126985431,-0.019399728626,-0.00807837117463,0.121396563947,0.0733887776732,-0.152019500732,0.0149251930416,0.11752833426,0.274651616812,0.20296806097,0.0305589418858,-0.0756683647633,-0.0417141765356,0.061144258827,-0.315032720566,0.0569237135351,0.101869851351,0.142589226365,0.0428063906729,0.164490371943,-0.050095513463,0.057798422873,0.139027759433,-0.196733444929,0.0854229703546,0.099930331111,-0.075411260128,-0.069449454546,-0.00499368738383,0.13690443337,0.0853893458843,-0.134202301502,-0.0680441185832,0.0764857679605,-0.162050232291,-0.00572144798934,0.0763602331281,-0.0732926204801,-0.182097733021,-0.309295773506,0.0936600416899,0.380415201187,0.1010036394,-0.165180668235,-0.00727392826229,-0.0612621232867,0.0619735457003,0.132126525044,-0.0417001098394,-0.0707268342376,-0.0397468172014,-0.0947117507458,0.0665662959218,0.129958897829,-0.0217283554375,-0.082770973444,0.191720709205,-0.0502503290772,0.0463868454099,0.0496441051364,0.103494636714,-0.136873751879,-0.00651379209012,-0.129474774003,0.0433944910765,0.095490463078,-0.16630038619,0.00174503866583,0.0908995345235,-0.150191754103,0.0729318708181,-0.0400170609355,-0.0656103119254,-0.0136996963993,-0.00221288739704,-0.101068347692,-0.00980376917869,0.045006390661,-0.286463409662,0.170518442988,0.20861145854,-0.0856118649244,0.0773042961955,0.0416334867477,-0.0121006295085,0.021684512496,0.0014991350472,-0.0932888165116,-0.0986646637321,-0.0185730103403,0.00284548057243,0.0322074890137,-0.0143443830311
-0.0638852119446,-0.0687594935298,0.0549239143729,-0.0852423757315,-0.0333767719567,-0.112722180784,0.0875601395965,-0.0964431837201,0.121482074261,-0.0343722105026,0.138252079487,-0.0482645817101,-0.237666383386,-0.0972765311599,-0.0156248435378,0.0613567195833,-0.0490205697715,-0.151356384158,-0.119572535157,-0.191056534648,0.0556918010116,0.0322175174952,0.0722208172083,-0.0464572682977,-0.224112406373,-0.270218908787,-0.0966412574053,-0.131176963449,-0.00151984486729,-0.0426375418901,0.0295295547694,0.0487608835101,-0.217192202806,-0.112115047872,0.030722277239,0.0613562986255,-0.0570293664932,-0.0661595016718,0.167042955756,0.0888110771775,-0.164817526937,0.0429767034948,0.0705928951502,0.26908442378,0.131651505828,-0.00760619388893,0.0157354902476,0.0146600026637,0.0511971637607,-0.283180385828,0.135647684336,0.0744308829308,0.156156331301,0.014750463888,0.182044178247,-0.0810719206929,0.0719430521131,0.109872102737,-0.192952573299,0.135511949658,0.107172995806,-0.090976215899,-0.0470507517457,-0.0125665199012,0.109898321331,0.0849710255861,-0.0810872167349,-0.0293865278363,0.117272660136,-0.134019896388,-0.0174555461854,0.0283133815974,-0.0830278173089,-0.112345516682,-0.309960752726,0.0784036368132,0.357806265354,0.0875807330012,-0.171874180436,-0.0096373334527,-0.0693341493607,0.102020487189,0.103126361966,-0.0277714990079,-0.106274880469,0.017535943538,-0.11958040297,0.00439152494073,0.129621505737,-0.0337542966008,-0.0882175639272,0.184823527932,-0.0202565286309,-0.0151052158326,0.0806666091084,0.0424941405654,-0.140062794089,-0.0541669540107,-0.0665663555264,0.0362399443984,0.10412068665,-0.186037734151,-0.0123986899853,0.0980846881866,-0.190535366535,0.0758329331875,-0.0462544821203,-0.104600720108,-0.0240423306823,0.00651252921671,-0.0702029764652,-0.0390664972365,0.0565149784088,-0.23822543025,0.158418819308,0.245787203312,-0.0558430626988,0.105528339744,0.0297499429435,-0.0408455356956,-0.0277995839715,0.0593112446368,-0.099927097559,-0.115423224866,-0.0175770670176,0.0194059256464,-0.00277130398899,0.0588112473488
1,2,3
-0.0208782590926,-0.00331226270646,0.0926497131586,-0.0497344881296,-0.0291503500193,-0.102962359786,0.0306672137231,-0.0491171404719,0.109384693205,-0.0653651952744,0.170875236392,-0.147879853845,-0.284265041351,-0.0352606847882,-0.0632102862,0.11862808466,-0.0492946505547,-0.145694077015,-0.127515107393,-0.192917332053,0.044706530869,0.0292533747852,-0.0159759465605,-0.016952931881,-0.15814435482,-0.282984972,-0.0777553319931,-0.054853990674,-0.0331916883588,-0.101959958673,0.00671146810055,0.0701608806849,-0.202656388283,-0.124653428793,0.0970325767994,0.0869570821524,-0.0317294299603,-0.0673157125711,0.137091740966,0.12238509208,-0.13474984467,0.0403440333903,0.064500272274,0.334417313337,0.172815486789,0.0768477618694,-0.0394257381558,-0.103496976197,0.0815195739269,-0.27629250288,0.0946258157492,0.114322625101,0.111107468605,0.0623816549778,0.16053918004,-0.118033736944,0.0589509531856,0.0767362266779,-0.20925796032,0.0419237650931,0.0850421413779,-0.0223245043308,-0.0423891879618,-0.0807719528675,0.150518044829,0.0701018795371,-0.125630348921,-0.056569814682,0.144961029291,-0.154720544815,0.00121509516612,0.0711111873388,-0.0631185844541,-0.106671914458,-0.304235070944,0.0720062553883,0.461143225431,0.0763380303979,-0.178853750229,-0.0467923134565,-0.0317415744066,0.0427827984095,0.130077257752,0.0141166280955,-0.11990622431,0.00960224494338,-0.0319957137108,0.0326367430389,0.136812314391,-0.0125388791785,-0.113169834018,0.149638265371,-0.0450204014778,-0.00967728067189,0.0960838645697,0.0543634593487,-0.128379315138,-0.0193446055055,-0.132092982531,-0.0149387130514,0.0622900687158,-0.156214311719,-0.00987331196666,0.108549147844,-0.183353468776,0.0681060180068,-0.0157515909523,-0.10377754271,-0.0287146642804,0.0319126807153,-0.118023253977,-0.0274084750563,0.106433205307,-0.326299756765,0.118256866932,0.222248315811,-0.0276256836951,0.0747733563185,0.0335013046861,0.00812632031739,0.00302526867017,0.00206943415105,-0.0868870913982,-0.111008174717,-0.0191163942218,0.0499038361013,0.0173969212919,-0.013437140733
-0.0407648980618,-0.0507482253015,0.0293376520276,-0.0815604478121,-0.0523928962648,-0.0846461430192,0.0817470401525,-0.0520443990827,0.105969600379,-0.0316742807627,0.219055593014,-0.114678628743,-0.327731639147,-0.0871309489012,-0.0540359541774,0.0787722170353,-0.0597355216742,-0.15073132515,-0.124130427837,-0.218096345663,0.0828985571861,0.0291502494365,0.0118450447917,-0.0254114605486,-0.188858360052,-0.261721640825,-0.107631705701,-0.0921249166131,-0.0776090621948,-0.15027692914,0.0619038455188,0.0863456875086,-0.199284985662,-0.104133285582,0.0289159342647,0.066993817687,-0.0467665754259,-0.0959609672427,0.14237190783,0.0478017665446,-0.117443308234,0.0205509923398,0.129807472229,0.306134104729,0.180657923222,0.0122027685866,-0.046461828053,-0.0260969363153,0.0491442121565,-0.272743850946,0.0708264857531,0.13013856113,0.160845547915,0.0530962012708,0.146048784256,-0.0404081493616,0.0219750162214,0.169140443206,-0.177668437362,0.0340949967504,0.082392141223,-0.0434086471796,-0.0332742035389,-0.0948705002666,0.158015698195,0.0593686066568,-0.160587877035,-0.0183335449547,0.0842329785228,-0.135213196278,-0.0732768848538,0.0436260439456,-0.115844339132,-0.159285888076,-0.267910033464,0.138126224279,0.438461780548,0.064522460103,-0.165399119258,-0.0053696334362,-0.0513795688748,0.0353109501302,0.0961254388094,-0.024404456839,-0.0955276191235,-0.0288162231445,-0.117710158229,0.0522510260344,0.152672261,-0.0507251545787,-0.0837050378323,0.139469906688,-0.0551454313099,-0.0111853405833,0.0771186798811,0.0696286857128,-0.127135381103,0.0210670568049,-0.113987311721,0.0378965958953,0.053563117981,-0.167596533895,-0.0393599495292,0.0632959455252,-0.0900728926063,0.0567073598504,0.00443130545318,-0.108127072453,-0.0587805472314,-0.031880415976,-0.101118087769,-0.0211327783763,0.0739432126284,-0.30860003829,0.127810761333,0.174898386002,-0.0466534458101,0.119274735451,0.0487593300641,0.0391529761255,-0.0116132088006,0.00670502148569,-0.104648210108,-0.102564446628,0.0439719706774,0.0729659050703,0.0479246973991,-0.0224387831986
-0.137725993991,0.00561145693064,0.079594835639,-0.0187753010541,-0.0461146309972,-0.142959535122,0.0523594729602,-0.0472775623202,0.130972862244,-0.0543159544468,0.16746494174,-0.0915679335594,-0.241549134254,-0.0976853296161,-0.0256504826248,0.0846428126097,-0.0167636908591,-0.123721063137,-0.119524635375,-0.16504304111,0.102750733495,0.0169292744249,0.055587310344,-0.0421841479838,-0.216997250915,-0.306181520224,-0.0857736840844,-0.0922399461269,-0.0755573660135,-0.140147343278,-0.0491938889027,0.0507597364485,-0.24975258112,-0.144566550851,0.0269267372787,0.0613899379969,-0.00568368751556,-0.0074102403596,0.119678892195,0.0542737841606,-0.160210743546,0.0330109670758,0.111597158015,0.260760724545,0.178837046027,0.0552964285016,-0.0615068152547,-0.0352023392916,0.0643626302481,-0.278477370739,0.106967292726,0.0876002460718,0.13186943531,0.03737616539,0.161271616817,-0.0909096449614,0.0643622428179,0.0670449361205,-0.177567437291,0.0919480472803,0.130308791995,-0.08285407722,-0.112871252,-0.0239540562034,0.136753022671,0.0869551748037,-0.107878990471,-0.0509471334517,0.0749863162637,-0.125400781631,0.0368951335549,0.0692823678255,-0.0680151060224,-0.176661208272,-0.268699944019,0.117476552725,0.414307206869,0.111024215817,-0.191382467747,-0.00330993998796,-0.0950552076101,0.0693551525474,0.103395529091,-0.0366563610733,-0.0964813753963,0.00339489430189,-0.114134147763,0.0630360767245,0.116986759007,-0.00581911951303,-0.0639531910419,0.181350976229,-0.0351363420486,0.0340100452304,0.0452088043094,0.0476360023022,-0.156925052404,-0.012822534889,-0.0798413231969,0.0280764363706,0.109679847956,-0.185372665524,-0.0426172614098,0.0775848552585,-0.177336812019,0.0700510963798,-0.0316638126969,-0.0619423016906,-0.0280061401427,0.00615471927449,-0.0876688808203,-0.0109609747306,0.00735380826518,-0.282964289188,0.186505287886,0.203313440084,-0.0629422292113,0.125499635935,0.0429277941585,0.0078446213156,0.0241892077029,0.0518189556897,-0.101079538465,-0.0982060432434,0.0259115844965,-0.00101463124156,0.0369004011154,0.0143944760785
